s,kW,kW,kW,kW,kW,kW,kW,kW,kW,kg/s,kg/s,kg/s
Time,HRR,Q_RADI,Q_CONV,Q_COND,Q_DIFF,Q_PRES,Q_PART,Q_ENTH,Q_TOTAL,MLR_AIR,MLR_METHANE,MLR_PRODUCTS
 0.0000000E+000, 0.0000000E+000,-3.2584323E-004, 0.0000000E+000, 0.0000000E+000, 0.0000000E+000, 0.0000000E+000, 0.0000000E+000, 0.0000000E+000,-3.2584323E-004, 0.0000000E+000, 0.0000000E+000, 0.0000000E+000
 1.1176548E+000, 4.8064246E-002,-2.8555750E-003, 3.4101030E-004,-8.8543291E-005,-7.4193333E-006, 0.0000000E+000, 0.0000000E+000, 3.3786868E-002, 4.5453719E-002, 0.0000000E+000, 1.2764443E-006, 0.0000000E+000
 2.0756447E+000, 1.5185111E-001,-1.6484030E-002, 3.0348848E-003,-2.7723179E-004,-1.9940346E-005, 0.0000000E+000, 0.0000000E+000, 1.2199896E-001, 1.3810479E-001, 0.0000000E+000, 3.3501665E-006, 0.0000000E+000
 3.1122546E+000, 2.5716563E-001,-4.0411089E-002, 9.1579503E-003,-3.8263923E-004,-3.1490317E-005, 0.0000000E+000, 0.0000000E+000, 2.0985440E-001, 2.2549836E-001, 0.0000000E+000, 5.3170627E-006, 0.0000000E+000
 4.0614967E+000, 3.5234612E-001,-5.4287619E-002,-2.4949580E-002,-5.3581277E-004,-4.2964925E-005, 0.0000000E+000, 0.0000000E+000, 2.6505390E-001, 2.7253014E-001, 0.0000000E+000, 7.2756943E-006, 0.0000000E+000
 5.0560956E+000, 4.4607414E-001,-6.7120547E-002,-2.5352442E-001,-7.7359359E-004,-5.4242418E-005, 0.0000000E+000, 0.0000000E+000, 1.3557126E-001, 1.2460134E-001, 0.0000000E+000, 9.2121582E-006, 0.0000000E+000
 6.0506940E+000, 5.4544960E-001,-9.0823426E-002,-3.3183153E-001,-1.3999685E-003,-6.5772308E-005, 0.0000000E+000, 0.0000000E+000, 1.0848766E-001, 1.2132890E-001, 0.0000000E+000, 1.1199471E-005, 0.0000000E+000
 7.0844684E+000, 6.5043108E-001,-1.0378891E-001,-4.2014292E-001,-1.8973065E-003,-7.7442623E-005, 0.0000000E+000, 0.0000000E+000, 1.2833852E-001, 1.2452450E-001, 0.0000000E+000, 1.3222358E-005, 0.0000000E+000
 8.0680056E+000, 7.4773763E-001,-1.1779016E-001,-5.0911119E-001,-2.3685844E-003,-8.8986473E-005, 0.0000000E+000, 0.0000000E+000, 1.2415273E-001, 1.1837871E-001, 0.0000000E+000, 1.5233844E-005, 0.0000000E+000
 9.0588036E+000, 8.5113436E-001,-1.3280401E-001,-6.0064593E-001,-2.7711254E-003,-1.0022064E-004, 0.0000000E+000, 0.0000000E+000, 1.2373975E-001, 1.1481307E-001, 0.0000000E+000, 1.7200189E-005, 0.0000000E+000
 1.0022218E+001, 9.4426735E-001,-1.4624688E-001,-6.9865637E-001,-3.3607189E-003,-1.1131065E-004, 0.0000000E+000, 0.0000000E+000, 1.0631339E-001, 9.5892066E-002, 0.0000000E+000, 1.9150519E-005, 0.0000000E+000
 1.1057505E+001, 1.0463726E+000,-1.6049517E-001,-7.8723986E-001,-4.0670351E-003,-1.2262975E-004, 0.0000000E+000, 0.0000000E+000, 1.0365358E-001, 9.4447913E-002, 0.0000000E+000, 2.1148724E-005, 0.0000000E+000
 1.2063737E+001, 1.1493071E+000,-1.7636103E-001,-8.8197125E-001,-4.5818799E-003,-1.3415629E-004, 0.0000000E+000, 0.0000000E+000, 1.0131172E-001, 8.6258737E-002, 0.0000000E+000, 2.3183312E-005, 0.0000000E+000
 1.3069968E+001, 1.2473458E+000,-1.8975332E-001,-9.5480234E-001,-5.5394279E-003,-1.4549192E-004, 0.0000000E+000, 0.0000000E+000, 1.1011457E-001, 9.7105176E-002, 0.0000000E+000, 2.5190499E-005, 0.0000000E+000
 1.4004327E+001, 1.3450687E+000,-2.1395667E-001,-1.0489115E+000,-5.1734977E-003,-1.5638621E-004, 0.0000000E+000, 0.0000000E+000, 8.9729672E-002, 7.6870643E-002, 0.0000000E+000, 2.7129152E-005, 0.0000000E+000
 1.5010558E+001, 1.4407536E+000,-2.2644516E-001,-1.0822382E+000,-5.1032009E-003,-1.6723438E-004, 0.0000000E+000, 0.0000000E+000, 1.3754452E-001, 1.2679977E-001, 0.0000000E+000, 2.9072089E-005, 0.0000000E+000
 1.6025686E+001, 1.5511744E+000,-2.4291421E-001,-1.1840890E+000,-4.0740001E-003,-1.7834712E-004, 0.0000000E+000, 0.0000000E+000, 1.3018196E-001, 1.1991882E-001, 0.0000000E+000, 3.1089133E-005, 0.0000000E+000
 1.7049713E+001, 1.6433814E+000,-2.5558832E-001,-1.3268257E+000,-4.7344922E-003,-1.8967042E-004, 0.0000000E+000, 0.0000000E+000, 5.7784029E-002, 5.6043204E-002, 0.0000000E+000, 3.3122122E-005, 0.0000000E+000
 1.8009739E+001, 1.7443368E+000,-2.7228562E-001,-1.3978279E+000,-4.2565202E-003,-2.0123670E-004, 0.0000000E+000, 0.0000000E+000, 8.4016975E-002, 6.9765544E-002, 0.0000000E+000, 3.5104787E-005, 0.0000000E+000
 1.9033764E+001, 1.8415741E+000,-2.8433980E-001,-1.4416795E+000,-5.8238688E-003,-2.1325890E-004, 0.0000000E+000, 0.0000000E+000, 1.0098593E-001, 1.0951764E-001, 0.0000000E+000, 3.7087452E-005, 0.0000000E+000
 2.0057791E+001, 1.9474093E+000,-2.9740687E-001,-1.4626334E+000,-6.6563248E-003,-2.2452691E-004, 0.0000000E+000, 0.0000000E+000, 1.8690586E-001, 1.8048821E-001, 0.0000000E+000, 3.9134582E-005, 0.0000000E+000
 2.1014687E+001, 2.0499482E+000,-3.1464786E-001,-1.6836700E+000,-4.9885748E-003,-2.3396512E-004, 0.0000000E+000, 0.0000000E+000, 6.7930453E-002, 4.6407757E-002, 0.0000000E+000, 4.1110258E-005, 0.0000000E+000
 2.2045879E+001, 2.1430114E+000,-3.3415351E-001,-1.7484240E+000,-5.5874050E-003,-2.4496872E-004, 0.0000000E+000, 0.0000000E+000, 4.4916462E-002, 5.4601432E-002, 0.0000000E+000, 4.3094415E-005, 0.0000000E+000
 2.3019785E+001, 2.2401951E+000,-3.3679237E-001,-1.7846729E+000,-6.7352116E-003,-2.5811846E-004, 0.0000000E+000, 0.0000000E+000, 9.0583626E-002, 1.1173648E-001, 0.0000000E+000, 4.5098847E-005, 0.0000000E+000
 2.4050978E+001, 2.3369940E+000,-3.3527127E-001,-1.6977382E+000,-7.5115489E-003,-2.6992093E-004, 0.0000000E+000, 0.0000000E+000, 2.7853664E-001, 2.9620302E-001, 0.0000000E+000, 4.7101555E-005, 0.0000000E+000
 2.5015890E+001, 2.4620690E+000,-3.6934135E-001,-1.9439454E+000,-6.1476871E-003,-2.7955905E-004, 0.0000000E+000, 0.0000000E+000, 1.6160508E-001, 1.4235499E-001, 0.0000000E+000, 4.9094177E-005, 0.0000000E+000
 2.6041147E+001, 2.5516848E+000,-3.9392699E-001,-2.2859826E+000,-7.0867673E-003,-2.8831777E-004, 0.0000000E+000, 0.0000000E+000,-1.2674801E-001,-1.3559992E-001, 0.0000000E+000, 5.1080044E-005, 0.0000000E+000
 2.7015142E+001, 2.6418339E+000,-4.1024828E-001,-2.2496519E+000,-9.9374579E-003,-2.9842250E-004, 0.0000000E+000, 0.0000000E+000,-1.4176328E-002,-2.8302187E-002, 0.0000000E+000, 5.3078529E-005, 0.0000000E+000
 2.8040400E+001, 2.7401437E+000,-4.1740979E-001,-2.1930463E+000,-1.0351170E-002,-3.1154492E-004, 0.0000000E+000, 0.0000000E+000, 9.0297523E-002, 1.1902483E-001, 0.0000000E+000, 5.5076857E-005, 0.0000000E+000
 2.9014395E+001, 2.8344913E+000,-4.2245778E-001,-2.1465777E+000,-1.1136643E-002,-3.2443357E-004, 0.0000000E+000, 0.0000000E+000, 2.3061029E-001, 2.5399473E-001, 0.0000000E+000, 5.7074868E-005, 0.0000000E+000
 3.0039652E+001, 2.9524122E+000,-4.4249925E-001,-2.4242383E+000,-9.6838929E-003,-3.3330292E-004, 0.0000000E+000, 0.0000000E+000, 9.6007372E-002, 7.5657404E-002, 0.0000000E+000, 5.9068872E-005, 0.0000000E+000
 3.1013647E+001, 3.0042305E+000,-4.6272264E-001,-2.6058236E+000,-9.7484014E-003,-3.3540382E-004, 0.0000000E+000, 0.0000000E+000,-4.3962483E-002,-7.4399542E-002, 0.0000000E+000, 5.9967180E-005, 0.0000000E+000
 3.2038906E+001, 2.9975993E+000,-4.6375418E-001,-2.6608903E+000,-1.1601346E-002,-3.3539624E-004, 0.0000000E+000, 0.0000000E+000,-1.0812210E-001,-1.3898200E-001, 0.0000000E+000, 5.9967180E-005, 0.0000000E+000
 3.3012897E+001, 2.9837851E+000,-4.5389896E-001,-2.4725547E+000,-9.7236039E-003,-3.3686852E-004, 0.0000000E+000, 0.0000000E+000, 6.2671196E-002, 4.7270954E-002, 0.0000000E+000, 5.9967180E-005, 0.0000000E+000
 3.4038158E+001, 3.0008733E+000,-4.5286171E-001,-2.3256368E+000,-8.8210036E-003,-3.3811842E-004, 0.0000000E+000, 0.0000000E+000, 2.2585420E-001, 2.1321569E-001, 0.0000000E+000, 5.9967180E-005, 0.0000000E+000
 3.5012150E+001, 3.0015395E+000,-4.4527195E-001,-2.5681391E+000,-7.4338835E-003,-3.3842471E-004, 0.0000000E+000, 0.0000000E+000,-3.1655009E-002,-1.9643859E-002, 0.0000000E+000, 5.9967180E-005, 0.0000000E+000
 3.6037411E+001, 2.9687480E+000,-4.5593495E-001,-2.5679332E+000,-6.8854382E-003,-3.3379362E-004, 0.0000000E+000, 0.0000000E+000,-5.5605077E-002,-6.2339325E-002, 0.0000000E+000, 5.9967180E-005, 0.0000000E+000
 3.7011402E+001, 3.0129969E+000,-4.8106352E-001,-2.5433947E+000,-7.2648253E-003,-3.3266893E-004, 0.0000000E+000, 0.0000000E+000,-2.5409036E-004,-1.9058834E-002, 0.0000000E+000, 5.9967180E-005, 0.0000000E+000
 3.8036663E+001, 2.9719801E+000,-4.5873922E-001,-2.5110452E+000,-1.0135508E-002,-3.3616006E-004, 0.0000000E+000, 0.0000000E+000,-1.1221216E-002,-8.2760617E-003, 0.0000000E+000, 5.9967180E-005, 0.0000000E+000
 3.9038139E+001, 3.0022023E+000,-4.6367052E-001,-2.1419055E+000,-1.0594206E-002,-3.3714573E-004, 0.0000000E+000, 0.0000000E+000, 3.9265012E-001, 3.8569493E-001, 0.0000000E+000, 5.9967180E-005, 0.0000000E+000
 4.0004375E+001, 3.0086135E+000,-4.6869078E-001,-2.6526766E+000,-7.6823893E-003,-3.3727051E-004, 0.0000000E+000, 0.0000000E+000,-1.4123168E-001,-1.2077351E-001, 0.0000000E+000, 5.9967180E-005, 0.0000000E+000
 4.1019745E+001, 2.9807606E+000,-4.5908180E-001,-2.5693016E+000,-8.4234333E-003,-3.2981440E-004, 0.0000000E+000, 0.0000000E+000,-6.7744421E-002,-5.6376073E-002, 0.0000000E+000, 5.9967180E-005, 0.0000000E+000
 4.2010616E+001, 2.9899052E+000,-4.6457756E-001,-2.4320146E+000,-8.4301684E-003,-3.3076909E-004, 0.0000000E+000, 0.0000000E+000, 9.2627467E-002, 8.4552170E-002, 0.0000000E+000, 5.9967180E-005, 0.0000000E+000
 4.3044712E+001, 3.0126683E+000,-4.6656830E-001,-2.4350169E+000,-7.4557242E-003,-3.3311194E-004, 0.0000000E+000, 0.0000000E+000, 1.1063492E-001, 1.0329422E-001, 0.0000000E+000, 5.9967180E-005, 0.0000000E+000
 4.4015133E+001, 3.0162201E+000,-4.6736191E-001,-2.7406826E+000,-8.9782159E-003,-3.3770454E-004, 0.0000000E+000, 0.0000000E+000,-2.1064884E-001,-2.0114034E-001, 0.0000000E+000, 5.9967180E-005, 0.0000000E+000
 4.5034607E+001, 3.0153042E+000,-4.5258578E-001,-2.7337672E+000,-7.5337220E-003,-3.3567843E-004, 0.0000000E+000, 0.0000000E+000,-1.9035694E-001,-1.7891827E-001, 0.0000000E+000, 5.9967180E-005, 0.0000000E+000
 4.6042454E+001, 2.9985311E+000,-4.5180710E-001,-2.5288736E+000,-6.2177018E-003,-3.3445031E-004, 0.0000000E+000, 0.0000000E+000, 6.7984560E-004, 1.1298319E-002, 0.0000000E+000, 5.9967180E-005, 0.0000000E+000
 4.7035259E+001, 2.9829762E+000,-4.5200350E-001,-2.4619956E+000,-7.4499343E-003,-3.3830834E-004, 0.0000000E+000, 0.0000000E+000, 2.3915994E-002, 6.1188850E-002, 0.0000000E+000, 5.9967180E-005, 0.0000000E+000
 4.8028065E+001, 2.9851927E+000,-4.5463463E-001,-2.3882812E+000,-7.1746044E-003,-3.4017756E-004, 0.0000000E+000, 0.0000000E+000, 1.2797575E-001, 1.3476211E-001, 0.0000000E+000, 5.9967180E-005, 0.0000000E+000
 4.9020866E+001, 3.0006703E+000,-4.5863421E-001,-2.4219663E+000,-6.5549798E-003,-3.3696087E-004, 0.0000000E+000, 0.0000000E+000, 1.3355338E-001, 1.1317786E-001, 0.0000000E+000, 5.9967180E-005, 0.0000000E+000
 5.0021622E+001, 3.0237817E+000,-4.7444385E-001,-2.6201254E+000,-9.4770461E-003,-3.3463289E-004, 0.0000000E+000, 0.0000000E+000,-7.8201746E-002,-8.0599240E-002, 0.0000000E+000, 5.9967180E-005, 0.0000000E+000
 5.1028591E+001, 3.0036382E+000,-4.5241796E-001,-2.7302261E+000,-9.6690610E-003,-3.3454420E-004, 0.0000000E+000, 0.0000000E+000,-2.1428934E-001,-1.8900947E-001, 0.0000000E+000, 5.9967180E-005, 0.0000000E+000
 5.2040401E+001, 2.9931391E+000,-4.5324934E-001,-2.5924190E+000,-1.0115485E-002,-3.3620908E-004, 0.0000000E+000, 0.0000000E+000,-7.2343043E-002,-6.2981028E-002, 0.0000000E+000, 5.9967180E-005, 0.0000000E+000
 5.3003288E+001, 2.9992387E+000,-4.5380698E-001,-2.3264244E+000,-9.2669903E-003,-3.3707787E-004, 0.0000000E+000, 0.0000000E+000, 2.0308753E-001, 2.0940320E-001, 0.0000000E+000, 5.9967180E-005, 0.0000000E+000
 5.4040318E+001, 3.0139887E+000,-4.6243327E-001,-2.6793128E+000,-1.1511537E-002,-3.3661165E-004, 0.0000000E+000, 0.0000000E+000,-1.3459566E-001,-1.3960556E-001, 0.0000000E+000, 5.9967180E-005, 0.0000000E+000
 5.5030212E+001, 3.0009138E+000,-4.6363131E-001,-2.4817141E+000,-9.7052111E-003,-3.3489716E-004, 0.0000000E+000, 0.0000000E+000, 4.7749433E-002, 4.5528250E-002, 0.0000000E+000, 5.9967180E-005, 0.0000000E+000
 5.6029533E+001, 2.9586368E+000,-4.5639545E-001,-2.5617479E+000,-7.5304241E-003,-3.3249185E-004, 0.0000000E+000, 0.0000000E+000,-5.9879946E-002,-6.7369501E-002, 0.0000000E+000, 5.9967180E-005, 0.0000000E+000
 5.7014713E+001, 2.9678596E+000,-4.6552790E-001,-2.3045524E+000,-9.0304177E-003,-3.2513174E-004, 0.0000000E+000, 0.0000000E+000, 1.7180918E-001, 1.8842367E-001, 0.0000000E+000, 5.9967180E-005, 0.0000000E+000
 5.8051746E+001, 3.0271808E+000,-4.8036206E-001,-2.4473317E+000,-8.3428915E-003,-3.3098835E-004, 0.0000000E+000, 0.0000000E+000, 1.0698964E-001, 9.0813235E-002, 0.0000000E+000, 5.9967180E-005, 0.0000000E+000
 5.9036926E+001, 3.0136233E+000,-4.5298788E-001,-2.7495120E+000,-9.0698861E-003,-3.3520924E-004, 0.0000000E+000, 0.0000000E+000,-2.1716130E-001,-1.9828168E-001, 0.0000000E+000, 5.9967180E-005, 0.0000000E+000
 6.0041401E+001, 2.9474673E+000,-4.5577738E-001,-2.2859254E+000,-7.1954709E-003,-3.2822994E-004, 0.0000000E+000, 0.0000000E+000, 1.6981174E-001, 1.9824078E-001, 0.0000000E+000, 5.9967180E-005, 0.0000000E+000
 6.1044479E+001, 3.0334901E+000,-4.8721190E-001,-2.5782926E+000,-7.6022557E-003,-3.3192027E-004, 0.0000000E+000, 0.0000000E+000,-1.4535352E-002,-3.9948576E-002, 0.0000000E+000, 5.9967180E-005, 0.0000000E+000
 6.2024475E+001, 3.0283413E+000,-4.5628873E-001,-2.7223328E+000,-7.5251087E-003,-3.3486249E-004, 0.0000000E+000, 0.0000000E+000,-1.8618920E-001,-1.5814022E-001, 0.0000000E+000, 5.9967180E-005, 0.0000000E+000
 6.3015854E+001, 2.9838332E+000,-4.5694428E-001,-2.6523846E+000,-7.4855925E-003,-3.3599088E-004, 0.0000000E+000, 0.0000000E+000,-1.3431017E-001,-1.3331723E-001, 0.0000000E+000, 5.9967180E-005, 0.0000000E+000
 6.4046692E+001, 2.9899716E+000,-4.6214624E-001,-2.4255685E+000,-6.5736397E-003,-3.3770029E-004, 0.0000000E+000, 0.0000000E+000, 1.0001862E-001, 9.5345534E-002, 0.0000000E+000, 5.9967180E-005, 0.0000000E+000
 6.5023277E+001, 2.9607829E+000,-4.4465327E-001,-2.4529526E+000,-7.3879952E-003,-3.3579872E-004, 0.0000000E+000, 0.0000000E+000, 7.7265555E-002, 5.5453146E-002, 0.0000000E+000, 5.9967180E-005, 0.0000000E+000
 6.6054123E+001, 2.9906347E+000,-4.6959748E-001,-2.2932983E+000,-7.0731728E-003,-3.2534035E-004, 0.0000000E+000, 0.0000000E+000, 2.2241169E-001, 2.2034041E-001, 0.0000000E+000, 5.9967180E-005, 0.0000000E+000
 6.7030586E+001, 3.0428835E+000,-4.9136511E-001,-2.6009520E+000,-7.2645005E-003,-3.3037313E-004, 0.0000000E+000, 0.0000000E+000,-4.6244448E-002,-5.7028464E-002, 0.0000000E+000, 5.9967180E-005, 0.0000000E+000
 6.8010376E+001, 3.0156264E+000,-4.4754822E-001,-2.8579218E+000,-5.8495346E-003,-3.3497966E-004, 0.0000000E+000, 0.0000000E+000,-3.1256128E-001,-2.9602822E-001, 0.0000000E+000, 5.9967180E-005, 0.0000000E+000
 6.9041725E+001, 2.9694796E+000,-4.5645379E-001,-2.5284554E+000,-5.7714159E-003,-3.3389663E-004, 0.0000000E+000, 0.0000000E+000,-2.4370274E-002,-2.1534848E-002, 0.0000000E+000, 5.9967180E-005, 0.0000000E+000
 7.0047295E+001, 3.0123949E+000,-4.6178910E-001,-2.3761422E+000,-6.4117101E-003,-3.3643515E-004, 0.0000000E+000, 0.0000000E+000, 1.7170388E-001, 1.6771545E-001, 0.0000000E+000, 5.9967180E-005, 0.0000000E+000
 7.1036362E+001, 2.9647766E+000,-4.4142283E-001,-2.4955233E+000,-7.7522805E-003,-3.3505403E-004, 0.0000000E+000, 0.0000000E+000, 7.2586861E-003, 1.9743203E-002, 0.0000000E+000, 5.9967180E-005, 0.0000000E+000
 7.2017029E+001, 2.9806692E+000,-4.5981271E-001,-2.3385654E+000,-7.1153171E-003,-3.2701023E-004, 0.0000000E+000, 0.0000000E+000, 1.7161373E-001, 1.7484873E-001, 0.0000000E+000, 5.9967180E-005, 0.0000000E+000
 7.3023094E+001, 3.0138412E+000,-4.7369411E-001,-2.5754134E+000,-7.2934774E-003,-3.2926878E-004, 0.0000000E+000, 0.0000000E+000,-3.4504312E-002,-4.2889041E-002, 0.0000000E+000, 5.9967180E-005, 0.0000000E+000
 7.4011818E+001, 3.0449394E+000,-4.7199266E-001,-2.6730615E+000,-9.8916672E-003,-3.3497288E-004, 0.0000000E+000, 0.0000000E+000,-1.0784502E-001,-1.1034143E-001, 0.0000000E+000, 5.9967180E-005, 0.0000000E+000
 7.5014023E+001, 2.9968578E+000,-4.4974045E-001,-2.7597281E+000,-9.8434062E-003,-3.3578285E-004, 0.0000000E+000, 0.0000000E+000,-2.4132173E-001,-2.2278993E-001, 0.0000000E+000, 5.9967180E-005, 0.0000000E+000
 7.6016235E+001, 3.0069708E+000,-4.5812991E-001,-2.5630239E+000,-6.7004934E-003,-3.3614228E-004, 0.0000000E+000, 0.0000000E+000,-1.7133777E-002,-2.1219582E-002, 0.0000000E+000, 5.9967180E-005, 0.0000000E+000
 7.7018448E+001, 2.9901722E+000,-4.5513435E-001,-2.4168836E+000,-6.4709963E-003,-3.3526982E-004, 0.0000000E+000, 0.0000000E+000, 1.0286098E-001, 1.1134803E-001, 0.0000000E+000, 5.9967180E-005, 0.0000000E+000
 7.8045708E+001, 2.9536330E+000,-4.6405209E-001,-2.3914872E+000,-6.3438262E-003,-3.3081807E-004, 0.0000000E+000, 0.0000000E+000, 8.9386222E-002, 9.1419029E-002, 0.0000000E+000, 5.9967180E-005, 0.0000000E+000
 7.9043022E+001, 3.0312549E+000,-4.8446291E-001,-2.5603926E+000,-6.4108453E-003,-3.3289206E-004, 0.0000000E+000, 0.0000000E+000,-5.8696260E-003,-2.0344295E-002, 0.0000000E+000, 5.9967180E-005, 0.0000000E+000
 8.0023697E+001, 3.0162124E+000,-4.6613938E-001,-2.4585158E+000,-8.6875002E-003,-3.3666056E-004, 0.0000000E+000, 0.0000000E+000, 7.7668438E-002, 8.2533006E-002, 0.0000000E+000, 5.9967180E-005, 0.0000000E+000
 8.1007240E+001, 3.0000463E+000,-4.4955212E-001,-2.7573069E+000,-8.9806007E-003,-3.3779258E-004, 0.0000000E+000, 0.0000000E+000,-2.0406071E-001,-2.1613115E-001, 0.0000000E+000, 5.9967180E-005, 0.0000000E+000
 8.2051346E+001, 2.9826521E+000,-4.6310177E-001,-2.5530791E+000,-9.7678820E-003,-3.3454698E-004, 0.0000000E+000, 0.0000000E+000,-3.8687585E-002,-4.3631187E-002, 0.0000000E+000, 5.9967180E-005, 0.0000000E+000
 8.3038757E+001, 2.9852164E+000,-4.6613396E-001,-2.3721860E+000,-9.7822149E-003,-3.3180275E-004, 0.0000000E+000, 0.0000000E+000, 1.3031947E-001, 1.3678247E-001, 0.0000000E+000, 5.9967180E-005, 0.0000000E+000
 8.4026169E+001, 3.0058612E+000,-4.6984179E-001,-2.5002637E+000,-6.2266920E-003,-3.3412423E-004, 0.0000000E+000, 0.0000000E+000, 2.7618590E-002, 2.9194852E-002, 0.0000000E+000, 5.9967180E-005, 0.0000000E+000
 8.5013580E+001, 3.0142003E+000,-4.4944476E-001,-2.6128561E+000,-7.9555991E-003,-3.3548178E-004, 0.0000000E+000, 0.0000000E+000,-5.9683857E-002,-5.6391603E-002, 0.0000000E+000, 5.9967180E-005, 0.0000000E+000
 8.6030052E+001, 3.0015981E+000,-4.5286277E-001,-2.5064302E+000,-9.5270330E-003,-3.3511232E-004, 0.0000000E+000, 0.0000000E+000, 2.4632148E-002, 3.2442943E-002, 0.0000000E+000, 5.9967180E-005, 0.0000000E+000
 8.7001030E+001, 3.0006431E+000,-4.5825605E-001,-2.5930650E+000,-8.0693538E-003,-3.3491770E-004, 0.0000000E+000, 0.0000000E+000,-4.7571980E-002,-5.9082216E-002, 0.0000000E+000, 5.9967180E-005, 0.0000000E+000
 8.8023125E+001, 2.9949871E+000,-4.5687624E-001,-2.5321153E+000,-7.7407337E-003,-3.3473788E-004, 0.0000000E+000, 0.0000000E+000,-1.1553152E-002,-2.0799633E-003, 0.0000000E+000, 5.9967180E-005, 0.0000000E+000
 8.9045212E+001, 3.0003556E+000,-4.5670155E-001,-2.5515092E+000,-5.8213185E-003,-3.3421098E-004, 0.0000000E+000, 0.0000000E+000,-1.9591685E-002,-1.4010669E-002, 0.0000000E+000, 5.9967180E-005, 0.0000000E+000
 9.0016197E+001, 2.9963845E+000,-4.5415287E-001,-2.5871264E+000,-6.5318192E-003,-3.3438415E-004, 0.0000000E+000, 0.0000000E+000,-7.8446246E-002,-5.1761035E-002, 0.0000000E+000, 5.9967180E-005, 0.0000000E+000
 9.1038284E+001, 2.9999501E+000,-4.5785728E-001,-2.4316891E+000,-8.1997590E-003,-3.3469161E-004, 0.0000000E+000, 0.0000000E+000, 1.0874890E-001, 1.0186925E-001, 0.0000000E+000, 5.9967180E-005, 0.0000000E+000
 9.2009270E+001, 2.9911717E+000,-4.6005591E-001,-2.5511393E+000,-8.9185466E-003,-3.3374261E-004, 0.0000000E+000, 0.0000000E+000,-1.3456215E-002,-2.9275807E-002, 0.0000000E+000, 5.9967180E-005, 0.0000000E+000
 9.3051796E+001, 2.9842372E+000,-4.5786593E-001,-2.4190354E+000,-8.4130952E-003,-3.3334574E-004, 0.0000000E+000, 0.0000000E+000, 9.4876042E-002, 9.8589520E-002, 0.0000000E+000, 5.9967180E-005, 0.0000000E+000
 9.4029556E+001, 3.0179493E+000,-4.4944701E-001,-2.6228129E+000,-6.9675275E-003,-3.3425410E-004, 0.0000000E+000, 0.0000000E+000,-6.8622680E-002,-6.1612353E-002, 0.0000000E+000, 5.9967180E-005, 0.0000000E+000
 9.5040169E+001, 3.0061692E+000,-4.6178953E-001,-2.6578521E+000,-8.7351446E-003,-3.3505891E-004, 0.0000000E+000, 0.0000000E+000,-1.2002470E-001,-1.2254269E-001, 0.0000000E+000, 5.9967180E-005, 0.0000000E+000
 9.6000244E+001, 2.9828166E+000,-4.5448764E-001,-2.5813742E+000,-6.8975017E-003,-3.3389890E-004, 0.0000000E+000, 0.0000000E+000,-3.2077041E-002,-6.0276639E-002, 0.0000000E+000, 5.9967180E-005, 0.0000000E+000
 9.7010857E+001, 2.9851562E+000,-4.7255919E-001,-2.3524186E+000,-5.4311093E-003,-3.3220830E-004, 0.0000000E+000, 0.0000000E+000, 1.5028400E-001, 1.5441513E-001, 0.0000000E+000, 5.9967180E-005, 0.0000000E+000
 9.8021469E+001, 3.0155825E+000,-4.7646992E-001,-2.5416413E+000,-5.9128266E-003,-3.3335269E-004, 0.0000000E+000, 0.0000000E+000,-7.9724450E-003,-8.7749207E-003, 0.0000000E+000, 5.9967180E-005, 0.0000000E+000
 9.9032074E+001, 3.0028904E+000,-4.5485900E-001,-2.6094090E+000,-6.7959455E-003,-3.3431280E-004, 0.0000000E+000, 0.0000000E+000,-9.3600932E-002,-6.8507882E-002, 0.0000000E+000, 5.9967180E-005, 0.0000000E+000
 1.0004269E+002, 2.9980914E+000,-4.5895389E-001,-2.5181718E+000,-6.6090302E-003,-3.3458480E-004, 0.0000000E+000, 0.0000000E+000,-2.2690826E-003, 1.4022035E-002, 0.0000000E+000, 5.9967180E-005, 0.0000000E+000
 1.0100276E+002, 3.0023221E+000,-4.5473390E-001,-2.5318091E+000,-6.7143330E-003,-3.3528945E-004, 0.0000000E+000, 0.0000000E+000, 8.7129085E-003, 8.7295102E-003, 0.0000000E+000, 5.9967180E-005, 0.0000000E+000
 1.0201337E+002, 2.9936177E+000,-4.5259917E-001,-2.5055650E+000,-6.0288377E-003,-3.3500900E-004, 0.0000000E+000, 0.0000000E+000, 3.3475639E-003, 2.9089729E-002, 0.0000000E+000, 5.9967180E-005, 0.0000000E+000
 1.0302399E+002, 2.9882865E+000,-4.6911882E-001,-2.3807462E+000,-6.1952622E-003,-3.3367727E-004, 0.0000000E+000, 0.0000000E+000, 1.3517390E-001, 1.3189256E-001, 0.0000000E+000, 5.9967180E-005, 0.0000000E+000
 1.0402150E+002, 2.9725758E+000,-4.5953092E-001,-2.5683881E+000,-8.7891607E-003,-3.3225731E-004, 0.0000000E+000, 0.0000000E+000,-6.1397460E-002,-6.4464591E-002, 0.0000000E+000, 5.9967180E-005, 0.0000000E+000
 1.0500840E+002, 3.0036815E+000,-4.7824347E-001,-2.3065119E+000,-6.0852347E-003,-3.3199726E-004, 0.0000000E+000, 0.0000000E+000, 2.0686208E-001, 2.1250884E-001, 0.0000000E+000, 5.9967180E-005, 0.0000000E+000
 1.0603305E+002, 3.0258055E+000,-4.5886383E-001,-2.7619089E+000,-6.7322984E-003,-3.3449658E-004, 0.0000000E+000, 0.0000000E+000,-2.1749084E-001,-2.0203400E-001, 0.0000000E+000, 5.9967180E-005, 0.0000000E+000
 1.0702562E+002, 2.9747408E+000,-4.6185658E-001,-2.5268474E+000,-6.4437373E-003,-3.3346725E-004, 0.0000000E+000, 0.0000000E+000,-2.8869920E-002,-2.0740392E-002, 0.0000000E+000, 5.9967180E-005, 0.0000000E+000
 1.0805259E+002, 2.9837593E+000,-4.7427124E-001,-2.3908160E+000,-5.7642896E-003,-3.3075842E-004, 0.0000000E+000, 0.0000000E+000, 1.1778240E-001, 1.1257699E-001, 0.0000000E+000, 5.9967180E-005, 0.0000000E+000
 1.0902551E+002, 3.0095206E+000,-4.6560310E-001,-2.5803445E+000,-6.5007206E-003,-3.3299109E-004, 0.0000000E+000, 0.0000000E+000,-4.5018350E-002,-4.3260683E-002, 0.0000000E+000, 5.9967180E-005, 0.0000000E+000
 1.1005247E+002, 2.9652635E+000,-4.6446509E-001,-2.4133579E+000,-7.5044352E-003,-3.2743390E-004, 0.0000000E+000, 0.0000000E+000, 6.6315070E-002, 7.9608637E-002, 0.0000000E+000, 5.9967180E-005, 0.0000000E+000
 1.1102539E+002, 3.0259782E+000,-4.9014518E-001,-2.3478914E+000,-6.8607285E-003,-3.2960489E-004, 0.0000000E+000, 0.0000000E+000, 1.8149826E-001, 1.8075132E-001, 0.0000000E+000, 5.9967180E-005, 0.0000000E+000
 1.1205235E+002, 3.0268786E+000,-4.4966876E-001,-2.7869521E+000,-5.4908168E-003,-3.3453308E-004, 0.0000000E+000, 0.0000000E+000,-2.1154010E-001,-2.1556766E-001, 0.0000000E+000, 5.9967180E-005, 0.0000000E+000
 1.1301503E+002, 2.9728898E+000,-4.5122173E-001,-2.6170087E+000,-6.4337531E-003,-3.3445862E-004, 0.0000000E+000, 0.0000000E+000,-1.0344910E-001,-1.0210887E-001, 0.0000000E+000, 5.9967180E-005, 0.0000000E+000
 1.1401109E+002, 3.0140923E+000,-4.6976987E-001,-2.3366524E+000,-7.2617271E-003,-3.3603488E-004, 0.0000000E+000, 0.0000000E+000, 2.1408117E-001, 2.0007228E-001, 0.0000000E+000, 5.9967180E-005, 0.0000000E+000
 1.1504745E+002, 2.9572360E+000,-4.5106503E-001,-2.5094252E+000,-9.3506889E-003,-3.3372196E-004, 0.0000000E+000, 0.0000000E+000,-2.6722802E-002,-1.2938650E-002, 0.0000000E+000, 5.9967180E-005, 0.0000000E+000
 1.1603893E+002, 2.9977685E+000,-4.7147251E-001,-2.2804293E+000,-8.0737067E-003,-3.2697929E-004, 0.0000000E+000, 0.0000000E+000, 2.3053928E-001, 2.3746603E-001, 0.0000000E+000, 5.9967180E-005, 0.0000000E+000
 1.1701591E+002, 3.0449582E+000,-4.7604100E-001,-2.7700931E+000,-7.3877674E-003,-3.3270792E-004, 0.0000000E+000, 0.0000000E+000,-1.9504482E-001,-2.0889637E-001, 0.0000000E+000, 5.9967180E-005, 0.0000000E+000
 1.1800185E+002, 2.9795284E+000,-4.5194161E-001,-2.5948115E+000,-8.0964151E-003,-3.3397989E-004, 0.0000000E+000, 0.0000000E+000,-8.0469459E-002,-7.5655063E-002, 0.0000000E+000, 5.9967180E-005, 0.0000000E+000
 1.1902230E+002, 2.9994085E+000,-4.7285563E-001,-2.5654818E+000,-7.7507841E-003,-3.3405448E-004, 0.0000000E+000, 0.0000000E+000,-4.7735336E-002,-4.7013770E-002, 0.0000000E+000, 5.9967180E-005, 0.0000000E+000
 1.2000000E+002, 2.9960674E+000,-4.6814341E-001,-2.4371659E+000,-7.2437851E-003,-3.3508886E-004, 0.0000000E+000, 0.0000000E+000, 7.8031513E-002, 8.3179214E-002, 0.0000000E+000, 5.9967180E-005, 0.0000000E+000
